reward_today,future_reward,delay,key_resp.keys,K,,
77,80,162,l,0.0002405,,
60,65,88,l,0.00094697,Geomean,SQRT
63,78,120,t,0.001984127,0.001370733,0.001370733
43,50,60,t,0.002713178,,
27,45,24,t,0.027777778,,
17,28,9,t,0.071895425,,
11,37,11,t,0.214876033,,
